;Bone,ボーン名,ボーン名(英),変形階層,物理後(0/1),位置_x,位置_y,位置_z,回転(0/1),移動(0/1),IK(0/1),表示(0/1),操作(0/1),親ボーン名,表示先(0:オフセット/1:ボーン),表示先ボーン名,オフセット_x,オフセット_y,オフセット_z,ローカル付与(0/1),回転付与(0/1),移動付与(0/1),付与率,付与親名,軸制限(0/1),制限軸_x,制限軸_y,制限軸_z,ローカル軸(0/1),ローカルX軸_x,ローカルX軸_y,ローカルX軸_z,ローカルZ軸_x,ローカルZ軸_y,ローカルZ軸_z,外部親(0/1),外部親Key,IKTarget名,IKLoop,IK単位角[deg]
Bone,"全ての親","master",0,0,0,0,0,1,1,0,1,1,"",1,"センター",0,0,0,0,0,0,1,"",0,0,0,0,0,1,0,0,0,0,1,0,0,"",0,57.29578
Bone,"センター","center",0,0,0,8,0,1,1,0,1,1,"全ての親",1,"センター先",0,0,0,0,0,0,1,"",0,0,0,0,0,1,0,0,0,0,1,0,0,"",0,57.29578
Bone,"グルーブ","groove",0,0,0,8.2,0,1,1,0,1,1,"センター",0,"",0,1.4,0,0,0,0,1,"",0,0,0,0,0,1,0,0,0,0,1,0,0,"",0,57.29578
Bone,"腰","waist",0,0,0,11.74867,0.2648515,1,0,0,1,1,"グルーブ",0,"",0,1.195125,-0.4160964,0,0,0,1,"",0,0,0,0,0,1,0,0,0,0,1,0,0,"",0,57.29578
Bone,"上半身","upper body",0,0,0,13.30119,-0.255278,1,0,0,1,1,"腰",1,"上半身2",0,0,0,0,0,0,1,"",0,0,0,0,0,1,0,0,0,0,1,0,0,"",0,57.29578
Bone,"上半身2","upper body2",0,0,0,14.39211,-0.1659307,1,0,0,1,1,"上半身",0,"",0,1.620792,0.1327446,0,0,0,1,"",0,0,0,0,0,1,0,0,0,0,1,0,0,"",0,57.29578
Bone,"首","neck",0,0,0,16.4181,-2.980232E-08,1,0,0,1,1,"上半身2",1,"頭",0,0,0,0,0,0,1,"",0,0,0,0,0,1,0,0,0,0,1,0,0,"",0,57.29578
Bone,"頭","head",0,0,0,16.7985,-2.980232E-08,1,0,0,1,1,"首",1,"頭先",0,0,0,0,0,0,1,"",0,0,0,0,0,1,0,0,0,0,1,0,0,"",0,57.29578
Bone,"左目","eye_L",2,0,0.349879,17.85793,-0.348349,1,0,0,1,1,"頭",1,"左目先",0,0,0,0,1,0,1,"両目",0,0,0,0,0,1,0,0,0,0,1,0,0,"",0,57.29578
Bone,"右目","eye_R",2,0,-0.349879,17.85793,-0.348349,1,0,0,1,1,"頭",1,"右目先",0,0,0,0,1,0,1,"両目",0,0,0,0,0,1,0,0,0,0,1,0,0,"",0,57.29578
Bone,"ﾈｸﾀｲ１","necktie1",0,0,0,15.89999,-0.7627801,1,0,0,1,1,"上半身2",1,"ﾈｸﾀｲ２",0,0,0,0,0,0,1,"",0,0,0,0,0,1,0,0,0,0,1,0,0,"",0,57.29578
Bone,"ﾈｸﾀｲ２","necktie2",0,0,0,14.7769,-1.154322,1,0,0,1,1,"ﾈｸﾀｲ１",1,"ﾈｸﾀｲ３",0,0,0,0,0,0,1,"",0,0,0,0,0,1,0,0,0,0,1,0,0,"",0,57.29578
Bone,"ﾈｸﾀｲ３","necktie3",0,0,0,13.07617,-1.37111,1,0,0,1,1,"ﾈｸﾀｲ２",1,"ﾈｸﾀｲ４",0,0,0,0,0,0,1,"",0,0,0,0,0,1,0,0,0,0,1,0,0,"",0,57.29578
Bone,"下半身","lower body",0,0,0,13.24258,-0.255269,1,0,0,1,1,"腰",1,"下半身先",0,0,0,0,0,0,1,"",0,0,0,0,0,1,0,0,0,0,1,0,0,"",0,57.29578
Bone,"腰飾り","waist accessory",0,0,1.722951,11.10097,0.22733,1,0,0,1,1,"下半身",1,"腰飾り先",0,0,0,0,0,0,1,"",0,0,0,0,0,1,0,0,0,0,1,0,0,"",0,57.29578
Bone,"左髪１","hair1_L",0,0,1.6482,19.63919,1.454361,1,0,0,1,1,"頭",1,"左髪２",0,0,0,0,0,0,1,"",0,0,0,0,0,1,0,0,0,0,1,0,0,"",0,57.29578
Bone,"左髪２","hair2_L",0,0,2.062622,18.04028,1.826501,1,0,0,1,1,"左髪１",1,"左髪３",0,0,0,0,0,0,1,"",0,0,0,0,0,1,0,0,0,0,1,0,0,"",0,57.29578
Bone,"左髪３","hair3_L",0,0,2.672939,16.10377,2.054081,1,0,0,1,1,"左髪２",1,"左髪４",0,0,0,0,0,0,1,"",0,0,0,0,0,1,0,0,0,0,1,0,0,"",0,57.29578
Bone,"左髪４","hair4_L",0,0,3.27088,12.91209,2.29635,1,0,0,1,1,"左髪３",1,"左髪５",0,0,0,0,0,0,1,"",0,0,0,0,0,1,0,0,0,0,1,0,0,"",0,57.29578
Bone,"左髪５","hair5_L",0,0,3.509651,9.614594,2.546681,1,0,0,1,1,"左髪４",1,"左髪６",0,0,0,0,0,0,1,"",0,0,0,0,0,1,0,0,0,0,1,0,0,"",0,57.29578
Bone,"左髪６","hair6_L",0,0,3.365883,6.233677,2.37247,1,0,0,1,1,"左髪５",1,"左髪７",0,0,0,0,0,0,1,"",0,0,0,0,0,1,0,0,0,0,1,0,0,"",0,57.29578
Bone,"左肩P","shoulderP_L",0,0,0.136362,16.12999,0.264887,1,0,0,1,1,"上半身2",0,"",0,0,0,0,0,0,1,"",0,0,0,0,0,1,0,0,0,0,1,0,0,"",0,57.29578
Bone,"左肩","shoulder_L",0,0,0.136362,16.12999,0.264887,1,0,0,1,1,"左肩P",1,"左腕",0,0,0,0,0,0,1,"",0,0,0,0,0,1,0,0,0,0,1,0,0,"",0,57.29578
Bone,"左肩C","",0,0,1.005841,16.21672,0.31783,1,0,0,0,1,"左肩",0,"",0,0,0,0,1,0,-1,"左肩P",0,0,0,0,0,1,0,0,0,0,1,0,0,"",0,57.29578
Bone,"左腕","arm_L",0,0,1.005841,16.21672,0.31783,1,0,0,1,1,"左肩C",1,"左ひじ",0,0,0,0,0,0,1,"",0,0,0,0,0,1,0,0,0,0,1,0,0,"",0,57.29578
Bone,"左腕捩","arm twist_L",0,0,1.959567,15.89561,0.304996,1,0,0,1,1,"左腕",1,"左腕捩先",0,0,0,0,0,0,1,"",1,0.8197415,-0.5727339,0,0,1,0,0,0,0,1,0,0,"",0,57.29578
Bone,"左ひじ","elbow_L",0,0,3.705709,14.67562,0.281569,1,0,0,1,1,"左腕捩",1,"左手首",0,0,0,0,0,0,1,"",0,0,0,0,0,1,0,0,0,0,1,0,0,"",0,57.29578
Bone,"左手捩","wrist twist_L",0,0,4.151208,14.30998,0.275864,1,0,0,1,1,"左ひじ",1,"左手捩先",0,0,0,0,0,0,1,"",1,0.7592273,-0.6508213,-0.002366748,0,1,0,0,0,0,1,0,0,"",0,57.29578
Bone,"左手首","wrist_L",0,0,5.384645,13.25266,0.272019,1,0,0,1,1,"左手捩",1,"左手先",0,0,0,0,0,0,1,"",0,0,0,0,0,1,0,0,0,0,1,0,0,"",0,57.29578
Bone,"左ダミー","dummy_L",0,0,5.659675,12.68288,0.272019,1,1,0,1,1,"左手首",0,"",-0.7866204,-0.9062166,0,0,0,0,1,"",0,0,0,0,0,1,0,0,0,0,1,0,0,"",0,57.29578
Bone,"左袖","sleeve_L",0,0,4.742158,13.87313,0.269249,1,1,0,1,1,"左ひじ",1,"左袖先",0,0,0,0,0,0,1,"",0,0,0,0,0,1,0,0,0,0,1,0,0,"",0,57.29578
Bone,"左親指０","thumb0_L",0,0,5.605216,12.88683,-0.0328244,1,0,0,1,1,"左手首",1,"左親指１",0,0,0,0,0,0,1,"",0,0,0,0,0,1,0,0,0,0,1,0,0,"",0,57.29578
Bone,"左親指１","thumb1_L",0,0,5.715501,12.70391,-0.185246,1,0,0,1,1,"左親指０",1,"左親指２",0,0,0,0,0,0,1,"",0,0,0,0,0,1,0,0,0,0,1,0,0,"",0,57.29578
Bone,"左親指２","thumb2_L",0,0,5.949926,12.41756,-0.34645,1,0,0,1,1,"左親指１",1,"左親指先",0,0,0,0,0,0,1,"",0,0,0,0,0,1,0,0,0,0,1,0,0,"",0,57.29578
Bone,"左人指１","fore1_L",0,0,6.249012,12.50212,0.04611497,1,0,0,1,1,"左手首",1,"左人指２",0,0,0,0,0,0,1,"",0,0,0,0,0,1,0,0,0,0,1,0,0,"",0,57.29578
Bone,"左人指２","fore2_L",0,0,6.522307,12.30334,0.04804496,1,0,0,1,1,"左人指１",1,"左人指３",0,0,0,0,0,0,1,"",0,0,0,0,0,1,0,0,0,0,1,0,0,"",0,57.29578
Bone,"左人指３","fore3_L",0,0,6.736217,12.13194,0.04257397,1,0,0,1,1,"左人指２",1,"左人差指先",0,0,0,0,0,0,1,"",0,0,0,0,0,1,0,0,0,0,1,0,0,"",0,57.29578
Bone,"左中指１","middle1_L",0,0,6.262463,12.49069,0.229678,1,0,0,1,1,"左手首",1,"左中指２",0,0,0,0,0,0,1,"",0,0,0,0,0,1,0,0,0,0,1,0,0,"",0,57.29578
Bone,"左中指２","middle2_L",0,0,6.607897,12.29501,0.227137,1,0,0,1,1,"左中指１",1,"左中指３",0,0,0,0,0,0,1,"",0,0,0,0,0,1,0,0,0,0,1,0,0,"",0,57.29578
Bone,"左中指３","middle3_L",0,0,6.851064,12.10173,0.221239,1,0,0,1,1,"左中指２",1,"左中指先",0,0,0,0,0,0,1,"",0,0,0,0,0,1,0,0,0,0,1,0,0,"",0,57.29578
Bone,"左薬指１","third1_L",0,0,6.262661,12.46852,0.398388,1,0,0,1,1,"左手首",1,"左薬指２",0,0,0,0,0,0,1,"",0,0,0,0,0,1,0,0,0,0,1,0,0,"",0,57.29578
Bone,"左薬指２","third2_L",0,0,6.499697,12.27298,0.39531,1,0,0,1,1,"左薬指１",1,"左薬指３",0,0,0,0,0,0,1,"",0,0,0,0,0,1,0,0,0,0,1,0,0,"",0,57.29578
Bone,"左薬指３","third3_L",0,0,6.735834,12.12026,0.402526,1,0,0,1,1,"左薬指２",1,"左薬指先",0,0,0,0,0,0,1,"",0,0,0,0,0,1,0,0,0,0,1,0,0,"",0,57.29578
Bone,"左小指１","little1_L",0,0,6.128119,12.4515,0.576087,1,0,0,1,1,"左手首",1,"左小指２",0,0,0,0,0,0,1,"",0,0,0,0,0,1,0,0,0,0,1,0,0,"",0,57.29578
Bone,"左小指２","little2_L",0,0,6.358086,12.30091,0.568869,1,0,0,1,1,"左小指１",1,"左小指３",0,0,0,0,0,0,1,"",0,0,0,0,0,1,0,0,0,0,1,0,0,"",0,57.29578
Bone,"左小指３","little3_L",0,0,6.499911,12.17766,0.558728,1,0,0,1,1,"左小指２",1,"左小指先",0,0,0,0,0,0,1,"",0,0,0,0,0,1,0,0,0,0,1,0,0,"",0,57.29578
Bone,"左ｽｶｰﾄ前","front skirt_L",0,0,1.078189,12.16489,-0.951838,1,0,0,1,1,"下半身",1,"左スカート前先",0,0,0,0,0,0,1,"",0,0,0,0,0,1,0,0,0,0,1,0,0,"",0,57.29578
Bone,"左ｽｶｰﾄ後","back skirt_L",0,0,1.017702,12.00671,0.666983,1,0,0,1,1,"下半身",1,"左スカート後先",0,0,0,0,0,0,1,"",0,0,0,0,0,1,0,0,0,0,1,0,0,"",0,57.29578
Bone,"腰キャンセル左","",0,0,0.796811,10.75273,-0.07274297,1,0,0,0,1,"下半身",0,"",0,0,0,0,1,0,-1,"腰",0,0,0,0,0,1,0,0,0,0,1,0,0,"",0,57.29578
Bone,"左足","leg_L",0,0,0.796811,10.75273,-0.07274297,1,0,0,1,1,"腰キャンセル左",1,"左ひざ",0,0,0,0,0,0,1,"",0,0,0,0,0,1,0,0,0,0,1,0,0,"",0,57.29578
Bone,"左ひざ","knee_L",0,0,1.646525,6.00088,-0.05348097,1,0,0,1,1,"左足",1,"左足首",0,0,0,0,0,0,1,"",0,0,0,0,0,1,0,0,0,0,1,0,0,"",0,57.29578
Bone,"左足首","ankle_L",0,0,2.766512,1.54806,2.980232E-08,1,0,0,1,1,"左ひざ",1,"左つま先",0,0,0,0,0,0,1,"",0,0,0,0,0,1,0,0,0,0,1,0,0,"",0,57.29578
Bone,"右髪１","hair1_R",0,0,-1.6482,19.63919,1.454361,1,0,0,1,1,"頭",1,"右髪２",0,0,0,0,0,0,1,"",0,0,0,0,0,1,0,0,0,0,1,0,0,"",0,57.29578
Bone,"右髪２","hair2_R",0,0,-2.062622,18.04028,1.826501,1,0,0,1,1,"右髪１",1,"右髪３",0,0,0,0,0,0,1,"",0,0,0,0,0,1,0,0,0,0,1,0,0,"",0,57.29578
Bone,"右髪３","hair3_R",0,0,-2.672939,16.10377,2.054081,1,0,0,1,1,"右髪２",1,"右髪４",0,0,0,0,0,0,1,"",0,0,0,0,0,1,0,0,0,0,1,0,0,"",0,57.29578
Bone,"右髪４","hair4_R",0,0,-3.27088,12.91209,2.29635,1,0,0,1,1,"右髪３",1,"右髪５",0,0,0,0,0,0,1,"",0,0,0,0,0,1,0,0,0,0,1,0,0,"",0,57.29578
Bone,"右髪５","hair5_R",0,0,-3.509651,9.614594,2.546681,1,0,0,1,1,"右髪４",1,"右髪６",0,0,0,0,0,0,1,"",0,0,0,0,0,1,0,0,0,0,1,0,0,"",0,57.29578
Bone,"右髪６","hair6_R",0,0,-3.365883,6.233677,2.37247,1,0,0,1,1,"右髪５",1,"右髪７",0,0,0,0,0,0,1,"",0,0,0,0,0,1,0,0,0,0,1,0,0,"",0,57.29578
Bone,"右肩P","shoulderP_R",0,0,-0.136362,16.12999,0.264887,1,0,0,1,1,"上半身2",0,"",0,0,0,0,0,0,1,"",0,0,0,0,0,1,0,0,0,0,1,0,0,"",0,57.29578
Bone,"右肩","shoulder_R",0,0,-0.136362,16.12999,0.264887,1,0,0,1,1,"右肩P",1,"右腕",0,0,0,0,0,0,1,"",0,0,0,0,0,1,0,0,0,0,1,0,0,"",0,57.29578
Bone,"右肩C","",0,0,-1.005841,16.21672,0.31783,1,0,0,0,1,"右肩",0,"",0,0,0,0,1,0,-1,"右肩P",0,0,0,0,0,1,0,0,0,0,1,0,0,"",0,57.29578
Bone,"右腕","arm_R",0,0,-1.005841,16.21672,0.31783,1,0,0,1,1,"右肩C",1,"右ひじ",0,0,0,0,0,0,1,"",0,0,0,0,0,1,0,0,0,0,1,0,0,"",0,57.29578
Bone,"右腕捩","arm twist_R",0,0,-1.959567,15.89561,0.304996,1,0,0,1,1,"右腕",1,"右腕捩先",0,0,0,0,0,0,1,"",1,-0.8197415,-0.5727339,0,0,1,0,0,0,0,1,0,0,"",0,57.29578
Bone,"右ひじ","elbow_R",0,0,-3.705709,14.67562,0.281569,1,0,0,1,1,"右腕捩",1,"右手首",0,0,0,0,0,0,1,"",0,0,0,0,0,1,0,0,0,0,1,0,0,"",0,57.29578
Bone,"右手捩","wrist twist_R",0,0,-4.151209,14.30998,0.275864,1,0,0,1,1,"右ひじ",1,"右手捩先",0,0,0,0,0,0,1,"",1,-0.7592273,-0.6508212,-0.002366748,0,1,0,0,0,0,1,0,0,"",0,57.29578
Bone,"右手首","wrist_R",0,0,-5.384646,13.25266,0.272019,1,0,0,1,1,"右手捩",1,"右手先",0,0,0,0,0,0,1,"",0,0,0,0,0,1,0,0,0,0,1,0,0,"",0,57.29578
Bone,"右ダミー","dummy_R",0,0,-5.659676,12.68288,0.272019,1,1,0,1,1,"右手首",0,"",0.7866206,-0.9062169,0,0,0,0,1,"",0,0,0,0,0,1,0,0,0,0,1,0,0,"",0,57.29578
Bone,"右袖","sleeve_R",0,0,-4.742159,13.87313,0.269249,1,1,0,1,1,"右ひじ",1,"右袖先",0,0,0,0,0,0,1,"",0,0,0,0,0,1,0,0,0,0,1,0,0,"",0,57.29578
Bone,"右親指０","thumb0_R",0,0,-5.605217,12.88683,-0.0328244,1,0,0,1,1,"右手首",1,"右親指１",0,0,0,0,0,0,1,"",0,0,0,0,0,1,0,0,0,0,1,0,0,"",0,57.29578
Bone,"右親指１","thumb1_R",0,0,-5.715503,12.70391,-0.185246,1,0,0,1,1,"右親指０",1,"右親指２",0,0,0,0,0,0,1,"",0,0,0,0,0,1,0,0,0,0,1,0,0,"",0,57.29578
Bone,"右親指２","thumb2_R",0,0,-5.949928,12.41756,-0.34645,1,0,0,1,1,"右親指１",1,"右親指先",0,0,0,0,0,0,1,"",0,0,0,0,0,1,0,0,0,0,1,0,0,"",0,57.29578
Bone,"右人指１","fore1_R",0,0,-6.249013,12.50212,0.04611497,1,0,0,1,1,"右手首",1,"右人指２",0,0,0,0,0,0,1,"",0,0,0,0,0,1,0,0,0,0,1,0,0,"",0,57.29578
Bone,"右人指２","fore2_R",0,0,-6.522309,12.30334,0.04804496,1,0,0,1,1,"右人指１",1,"右人指３",0,0,0,0,0,0,1,"",0,0,0,0,0,1,0,0,0,0,1,0,0,"",0,57.29578
Bone,"右人指３","fore3_R",0,0,-6.736218,12.13194,0.04257397,1,0,0,1,1,"右人指２",1,"右人差指先",0,0,0,0,0,0,1,"",0,0,0,0,0,1,0,0,0,0,1,0,0,"",0,57.29578
Bone,"右中指１","middle1_R",0,0,-6.262465,12.49069,0.229678,1,0,0,1,1,"右手首",1,"右中指２",0,0,0,0,0,0,1,"",0,0,0,0,0,1,0,0,0,0,1,0,0,"",0,57.29578
Bone,"右中指２","middle2_R",0,0,-6.607899,12.29501,0.227137,1,0,0,1,1,"右中指１",1,"右中指３",0,0,0,0,0,0,1,"",0,0,0,0,0,1,0,0,0,0,1,0,0,"",0,57.29578
Bone,"右中指３","middle3_R",0,0,-6.851066,12.10173,0.221239,1,0,0,1,1,"右中指２",1,"右中指先",0,0,0,0,0,0,1,"",0,0,0,0,0,1,0,0,0,0,1,0,0,"",0,57.29578
Bone,"右薬指１","third1_R",0,0,-6.262662,12.46852,0.398388,1,0,0,1,1,"右手首",1,"右薬指２",0,0,0,0,0,0,1,"",0,0,0,0,0,1,0,0,0,0,1,0,0,"",0,57.29578
Bone,"右薬指２","third2_R",0,0,-6.499699,12.27298,0.39531,1,0,0,1,1,"右薬指１",1,"右薬指３",0,0,0,0,0,0,1,"",0,0,0,0,0,1,0,0,0,0,1,0,0,"",0,57.29578
Bone,"右薬指３","third3_R",0,0,-6.735836,12.12026,0.402526,1,0,0,1,1,"右薬指２",1,"右薬指先",0,0,0,0,0,0,1,"",0,0,0,0,0,1,0,0,0,0,1,0,0,"",0,57.29578
Bone,"右小指１","little1_R",0,0,-6.12812,12.4515,0.576087,1,0,0,1,1,"右手首",1,"右小指２",0,0,0,0,0,0,1,"",0,0,0,0,0,1,0,0,0,0,1,0,0,"",0,57.29578
Bone,"右小指２","little2_R",0,0,-6.358088,12.30091,0.568869,1,0,0,1,1,"右小指１",1,"右小指３",0,0,0,0,0,0,1,"",0,0,0,0,0,1,0,0,0,0,1,0,0,"",0,57.29578
Bone,"右小指３","little3_R",0,0,-6.499913,12.17766,0.558728,1,0,0,1,1,"右小指２",1,"右小指先",0,0,0,0,0,0,1,"",0,0,0,0,0,1,0,0,0,0,1,0,0,"",0,57.29578
Bone,"右ｽｶｰﾄ前","front skirt_R",0,0,-1.078189,12.16489,-0.951838,1,0,0,1,1,"下半身",1,"右スカート前先",0,0,0,0,0,0,1,"",0,0,0,0,0,1,0,0,0,0,1,0,0,"",0,57.29578
Bone,"右ｽｶｰﾄ後","back skirt_R",0,0,-1.017702,12.00671,0.666983,1,0,0,1,1,"下半身",1,"右スカート後先",0,0,0,0,0,0,1,"",0,0,0,0,0,1,0,0,0,0,1,0,0,"",0,57.29578
Bone,"腰キャンセル右","",0,0,-0.796811,10.75273,-0.07274297,1,0,0,0,1,"下半身",0,"",0,0,0,0,1,0,-1,"腰",0,0,0,0,0,1,0,0,0,0,1,0,0,"",0,57.29578
Bone,"右足","leg_R",0,0,-0.796811,10.75273,-0.07274297,1,0,0,1,1,"腰キャンセル右",1,"右ひざ",0,0,0,0,0,0,1,"",0,0,0,0,0,1,0,0,0,0,1,0,0,"",0,57.29578
Bone,"右ひざ","knee_R",0,0,-1.646525,6.00088,-0.05348097,1,0,0,1,1,"右足",1,"右足首",0,0,0,0,0,0,1,"",0,0,0,0,0,1,0,0,0,0,1,0,0,"",0,57.29578
Bone,"右足首","ankle_R",0,0,-2.766512,1.54806,2.980232E-08,1,0,0,1,1,"右ひざ",1,"右つま先",0,0,0,0,0,0,1,"",0,0,0,0,0,1,0,0,0,0,1,0,0,"",0,57.29578
Bone,"両目","eyes",0,0,0,21,-0.7,1,0,0,1,1,"頭",1,"両目先",0,0,0,0,0,0,1,"",0,0,0,0,0,1,0,0,0,0,1,0,0,"",0,57.29578
Bone,"前髪１","front hair1",0,0,-1.08504,19.47236,-0.8871011,1,0,0,1,1,"頭",1,"前髪１先",0,0,0,0,0,0,1,"",0,0,0,0,0,1,0,0,0,0,1,0,0,"",0,57.29578
Bone,"前髪２","front hair2",0,0,-0.414511,19.4824,-1.217045,1,0,0,1,1,"頭",1,"前髪２先",0,0,0,0,0,0,1,"",0,0,0,0,0,1,0,0,0,0,1,0,0,"",0,57.29578
Bone,"前髪３","front hair3",0,0,0.541468,19.43488,-1.265278,1,0,0,1,1,"頭",1,"前髪３先",0,0,0,0,0,0,1,"",0,0,0,0,0,1,0,0,0,0,1,0,0,"",0,57.29578
Bone,"左目光","eyelight_L",2,0,0.416226,17.79452,-0.439503,1,0,0,1,1,"左目",1,"左目光先",0,0,0,0,0,0,1,"",0,0,0,0,0,1,0,0,0,0,1,0,0,"",0,57.29578
Bone,"右目光","eyelight_R",2,0,-0.241832,17.89126,-0.1414,1,0,0,1,1,"右目",1,"右目光先",0,0,0,0,0,0,1,"",0,0,0,0,0,1,0,0,0,0,1,0,0,"",0,57.29578
Bone,"ﾈｸﾀｲ４","necktie4",0,0,0,10.97783,-1.700663,1,0,0,0,1,"ﾈｸﾀｲ３",1,"",0,0,0,0,0,0,1,"",0,0,0,0,0,1,0,0,0,0,1,0,0,"",0,57.29578
Bone,"左髪７","hair7_L",0,0,1.908212,2.135073,0.357213,1,0,0,0,1,"左髪６",1,"",0,0,0,0,0,0,1,"",0,0,0,0,0,1,0,0,0,0,1,0,0,"",0,57.29578
Bone,"右髪７","hair7_R",0,0,-1.908212,2.135073,0.357213,1,0,0,0,1,"右髪６",1,"",0,0,0,0,0,0,1,"",0,0,0,0,0,1,0,0,0,0,1,0,0,"",0,57.29578
Bone,"左つま先","toe_L",0,0,3.544825,0.4559672,-2.463567,1,0,0,0,1,"左足首",1,"",0,0,0,0,0,0,1,"",0,0,0,0,0,1,0,0,0,0,1,0,0,"",0,57.29578
Bone,"右つま先","toe_R",0,0,-3.544825,0.4559675,-2.463567,1,0,0,0,1,"右足首",1,"",0,0,0,0,0,0,1,"",0,0,0,0,0,1,0,0,0,0,1,0,0,"",0,57.29578
Bone,"ﾈｸﾀｲＩＫ","necktie IK",1,0,0,10.97783,-1.700663,1,1,1,1,1,"腰",1,"ﾈｸﾀｲＩＫ先",0,0,0,0,0,0,1,"",0,0,0,0,0,1,0,0,0,0,1,0,0,"ﾈｸﾀｲ４",15,6.875494
;IKLink,親ボーン名,Linkボーン名,角度制限(0/1),XL[deg],XH[deg],YL[deg],YH[deg],ZL[deg],ZH[deg]
IKLink,"ﾈｸﾀｲＩＫ","ﾈｸﾀｲ３",0,0,0,0,0,0,0
IKLink,"ﾈｸﾀｲＩＫ","ﾈｸﾀｲ２",0,0,0,0,0,0,0
IKLink,"ﾈｸﾀｲＩＫ","ﾈｸﾀｲ１",0,0,0,0,0,0,0
Bone,"左髪ＩＫ","hair IK_L",1,0,1.908212,2.135073,0.357213,1,1,1,1,1,"腰",1,"左髪ＩＫ先",0,0,0,0,0,0,1,"",0,0,0,0,0,1,0,0,0,0,1,0,0,"左髪７",8,6.875494
;IKLink,親ボーン名,Linkボーン名,角度制限(0/1),XL[deg],XH[deg],YL[deg],YH[deg],ZL[deg],ZH[deg]
IKLink,"左髪ＩＫ","左髪６",0,0,0,0,0,0,0
IKLink,"左髪ＩＫ","左髪５",0,0,0,0,0,0,0
IKLink,"左髪ＩＫ","左髪４",0,0,0,0,0,0,0
IKLink,"左髪ＩＫ","左髪３",0,0,0,0,0,0,0
IKLink,"左髪ＩＫ","左髪２",0,0,0,0,0,0,0
Bone,"右髪ＩＫ","hair IK_R",1,0,-1.908212,2.135073,0.357213,1,1,1,1,1,"腰",1,"右髪ＩＫ先",0,0,0,0,0,0,1,"",0,0,0,0,0,1,0,0,0,0,1,0,0,"右髪７",8,6.875494
;IKLink,親ボーン名,Linkボーン名,角度制限(0/1),XL[deg],XH[deg],YL[deg],YH[deg],ZL[deg],ZH[deg]
IKLink,"右髪ＩＫ","右髪６",0,0,0,0,0,0,0
IKLink,"右髪ＩＫ","右髪５",0,0,0,0,0,0,0
IKLink,"右髪ＩＫ","右髪４",0,0,0,0,0,0,0
IKLink,"右髪ＩＫ","右髪３",0,0,0,0,0,0,0
IKLink,"右髪ＩＫ","右髪２",0,0,0,0,0,0,0
Bone,"左足IK親","leg IKP_L",0,0,0.875424,0,0,1,1,0,1,1,"全ての親",1,"左足ＩＫ",0,0,0,0,0,0,1,"",0,0,0,0,0,1,0,0,0,0,1,0,0,"",0,57.29578
Bone,"左足ＩＫ","leg IK_L",1,0,0.875424,1.34,0,1,1,1,1,1,"左足IK親",1,"左足ＩＫ先",0,0,0,0,0,0,1,"",0,0,0,0,0,1,0,0,0,0,1,0,0,"左足首",40,114.5916
;IKLink,親ボーン名,Linkボーン名,角度制限(0/1),XL[deg],XH[deg],YL[deg],YH[deg],ZL[deg],ZH[deg]
IKLink,"左足ＩＫ","左ひざ",1,-180,-0.5,0,0,0,0
IKLink,"左足ＩＫ","左足",0,0,0,0,0,0,0
Bone,"右足IK親","leg IKP_R",0,0,-0.875424,0,0,1,1,0,1,1,"全ての親",1,"右足ＩＫ",0,0,0,0,0,0,1,"",0,0,0,0,0,1,0,0,0,0,1,0,0,"",0,57.29578
Bone,"右足ＩＫ","leg IK_R",1,0,-0.875424,1.34,0,1,1,1,1,1,"右足IK親",1,"右足ＩＫ先",0,0,0,0,0,0,1,"",0,0,0,0,0,1,0,0,0,0,1,0,0,"右足首",40,114.5916
;IKLink,親ボーン名,Linkボーン名,角度制限(0/1),XL[deg],XH[deg],YL[deg],YH[deg],ZL[deg],ZH[deg]
IKLink,"右足ＩＫ","右ひざ",1,-180,-0.5,0,0,0,0
IKLink,"右足ＩＫ","右足",0,0,0,0,0,0,0
Bone,"左つま先ＩＫ","toe IK_L",1,0,0.928699,0,-2.463567,1,1,1,1,1,"左足ＩＫ",1,"左つま先ＩＫ先",0,0,0,0,0,0,1,"",0,0,0,0,0,1,0,0,0,0,1,0,0,"左つま先",3,229.1831
;IKLink,親ボーン名,Linkボーン名,角度制限(0/1),XL[deg],XH[deg],YL[deg],YH[deg],ZL[deg],ZH[deg]
IKLink,"左つま先ＩＫ","左足首",0,0,0,0,0,0,0
Bone,"右つま先ＩＫ","toe IK_R",1,0,-0.928699,0,-2.463567,1,1,1,1,1,"右足ＩＫ",1,"右つま先ＩＫ先",0,0,0,0,0,0,1,"",0,0,0,0,0,1,0,0,0,0,1,0,0,"右つま先",3,229.1831
;IKLink,親ボーン名,Linkボーン名,角度制限(0/1),XL[deg],XH[deg],YL[deg],YH[deg],ZL[deg],ZH[deg]
IKLink,"右つま先ＩＫ","右足首",0,0,0,0,0,0,0
Bone,"下半身先","下半身先",0,0,0,11.36059,-0.246477,1,0,0,0,1,"下半身",1,"",0,0,0,0,0,0,1,"",0,0,0,0,0,1,0,0,0,0,1,0,0,"",0,57.29578
Bone,"頭先","頭先",0,0,0,19,-2.980232E-08,1,0,0,0,1,"頭",1,"",0,0,0,0,0,0,1,"",0,0,0,0,0,1,0,0,0,0,1,0,0,"",0,57.29578
Bone,"左目先","左目先",2,0,0.62,17.8,-0.897196,1,0,0,0,1,"左目",1,"",0,0,0,0,0,0,1,"",0,0,0,0,0,1,0,0,0,0,1,0,0,"",0,57.29578
Bone,"右目先","右目先",2,0,-0.62,17.8,-0.897196,1,0,0,0,1,"右目",1,"",0,0,0,0,0,0,1,"",0,0,0,0,0,1,0,0,0,0,1,0,0,"",0,57.29578
Bone,"腰飾り先","腰飾り先",0,0,2.834734,9.909309,0.318291,1,0,0,0,1,"腰飾り",1,"",0,0,0,0,0,0,1,"",0,0,0,0,0,1,0,0,0,0,1,0,0,"",0,57.29578
Bone,"左袖先","左袖先",0,0,6.642361,13.16586,0.204578,1,0,0,0,1,"左袖",1,"",0,0,0,0,0,0,1,"",0,0,0,0,0,1,0,0,0,0,1,0,0,"",0,57.29578
Bone,"左手先","左手先",0,0,6.134299,12.53694,0.316077,1,0,0,0,1,"左手首",1,"",0,0,0,0,0,0,1,"",0,0,0,0,0,1,0,0,0,0,1,0,0,"",0,57.29578
Bone,"左親指先","左親指先",0,0,6.193155,12.18612,-0.48847,1,0,0,0,1,"左親指２",1,"",0,0,0,0,0,0,1,"",0,0,0,0,0,1,0,0,0,0,1,0,0,"",0,57.29578
Bone,"左人差指先","左人差指先",0,0,7.024626,11.95632,0.04524597,1,0,0,0,1,"左人指３",1,"",0,0,0,0,0,0,1,"",0,0,0,0,0,1,0,0,0,0,1,0,0,"",0,57.29578
Bone,"左中指先","左中指先",0,0,7.138155,11.92068,0.219824,1,0,0,0,1,"左中指３",1,"",0,0,0,0,0,0,1,"",0,0,0,0,0,1,0,0,0,0,1,0,0,"",0,57.29578
Bone,"左薬指先","左薬指先",0,0,7.006493,11.96789,0.397899,1,0,0,0,1,"左薬指３",1,"",0,0,0,0,0,0,1,"",0,0,0,0,0,1,0,0,0,0,1,0,0,"",0,57.29578
Bone,"左小指先","左小指先",0,0,6.748956,12.03905,0.553775,1,0,0,0,1,"左小指３",1,"",0,0,0,0,0,0,1,"",0,0,0,0,0,1,0,0,0,0,1,0,0,"",0,57.29578
Bone,"左スカート前先","左スカート前先",0,0,1.588908,10.15317,-1.16853,1,0,0,0,1,"左ｽｶｰﾄ前",1,"",0,0,0,0,0,0,1,"",0,0,0,0,0,1,0,0,0,0,1,0,0,"",0,57.29578
Bone,"左スカート後先","左スカート後先",0,0,1.257566,10.40085,1.445828,1,0,0,0,1,"左ｽｶｰﾄ後",1,"",0,0,0,0,0,0,1,"",0,0,0,0,0,1,0,0,0,0,1,0,0,"",0,57.29578
Bone,"右袖先","右袖先",0,0,-6.642363,13.16586,0.204578,1,0,0,0,1,"右袖",1,"",0,0,0,0,0,0,1,"",0,0,0,0,0,1,0,0,0,0,1,0,0,"",0,57.29578
Bone,"右手先","右手先",0,0,-6.134301,12.53694,0.316077,1,0,0,0,1,"右手首",1,"",0,0,0,0,0,0,1,"",0,0,0,0,0,1,0,0,0,0,1,0,0,"",0,57.29578
Bone,"右親指先","右親指先",0,0,-6.193157,12.18612,-0.48847,1,0,0,0,1,"右親指２",1,"",0,0,0,0,0,0,1,"",0,0,0,0,0,1,0,0,0,0,1,0,0,"",0,57.29578
Bone,"右人差指先","右人差指先",0,0,-7.024628,11.95632,0.04524597,1,0,0,0,1,"右人指３",1,"",0,0,0,0,0,0,1,"",0,0,0,0,0,1,0,0,0,0,1,0,0,"",0,57.29578
Bone,"右中指先","右中指先",0,0,-7.138156,11.92068,0.219824,1,0,0,0,1,"右中指３",1,"",0,0,0,0,0,0,1,"",0,0,0,0,0,1,0,0,0,0,1,0,0,"",0,57.29578
Bone,"右薬指先","右薬指先",0,0,-7.006495,11.96789,0.397899,1,0,0,0,1,"右薬指３",1,"",0,0,0,0,0,0,1,"",0,0,0,0,0,1,0,0,0,0,1,0,0,"",0,57.29578
Bone,"右小指先","右小指先",0,0,-6.748958,12.03905,0.553775,1,0,0,0,1,"右小指３",1,"",0,0,0,0,0,0,1,"",0,0,0,0,0,1,0,0,0,0,1,0,0,"",0,57.29578
Bone,"右スカート前先","右スカート前先",0,0,-1.588908,10.15317,-1.16853,1,0,0,0,1,"右ｽｶｰﾄ前",1,"",0,0,0,0,0,0,1,"",0,0,0,0,0,1,0,0,0,0,1,0,0,"",0,57.29578
Bone,"右スカート後先","右スカート後先",0,0,-1.257566,10.40085,1.445828,1,0,0,0,1,"右ｽｶｰﾄ後",1,"",0,0,0,0,0,0,1,"",0,0,0,0,0,1,0,0,0,0,1,0,0,"",0,57.29578
Bone,"センター先","センター先",0,0,0,0,0,1,0,0,0,1,"センター",1,"",0,0,0,0,0,0,1,"",0,0,0,0,0,1,0,0,0,0,1,0,0,"",0,57.29578
Bone,"両目先","両目先",0,0,0,21,-1.5,1,0,0,0,1,"両目",1,"",0,0,0,0,0,0,1,"",0,0,0,0,0,1,0,0,0,0,1,0,0,"",0,57.29578
Bone,"ﾈｸﾀｲＩＫ先","ﾈｸﾀｲＩＫ先",1,0,0,10.97783,-3,1,0,0,0,1,"ﾈｸﾀｲＩＫ",1,"",0,0,0,0,0,0,1,"",0,0,0,0,0,1,0,0,0,0,1,0,0,"",0,57.29578
Bone,"左髪ＩＫ先","左髪ＩＫ先",1,0,1.908212,2.135073,1.8,1,0,0,0,1,"左髪ＩＫ",1,"",0,0,0,0,0,0,1,"",0,0,0,0,0,1,0,0,0,0,1,0,0,"",0,57.29578
Bone,"右髪ＩＫ先","右髪ＩＫ先",1,0,-1.908212,2.135073,1.8,1,0,0,0,1,"右髪ＩＫ",1,"",0,0,0,0,0,0,1,"",0,0,0,0,0,1,0,0,0,0,1,0,0,"",0,57.29578
Bone,"左足ＩＫ先","左足ＩＫ先",1,0,0.875424,1.34,1.5,1,0,0,0,1,"左足ＩＫ",1,"",0,0,0,0,0,0,1,"",0,0,0,0,0,1,0,0,0,0,1,0,0,"",0,57.29578
Bone,"右足ＩＫ先","右足ＩＫ先",1,0,-0.875424,1.34,1.5,1,0,0,0,1,"右足ＩＫ",1,"",0,0,0,0,0,0,1,"",0,0,0,0,0,1,0,0,0,0,1,0,0,"",0,57.29578
Bone,"左つま先ＩＫ先","左つま先ＩＫ先",1,0,0.928699,-1,-2.463567,1,0,0,0,1,"左つま先ＩＫ",1,"",0,0,0,0,0,0,1,"",0,0,0,0,0,1,0,0,0,0,1,0,0,"",0,57.29578
Bone,"右つま先ＩＫ先","右つま先ＩＫ先",1,0,-0.928699,-1,-2.463567,1,0,0,0,1,"右つま先ＩＫ",1,"",0,0,0,0,0,0,1,"",0,0,0,0,0,1,0,0,0,0,1,0,0,"",0,57.29578
Bone,"前髪１先","前髪１先",0,0,-1.476684,17.19756,-0.637868,1,0,0,0,1,"前髪１",1,"",0,0,0,0,0,0,1,"",0,0,0,0,0,1,0,0,0,0,1,0,0,"",0,57.29578
Bone,"前髪２先","前髪２先",0,0,0.217954,17.74191,-1.391137,1,0,0,0,1,"前髪２",1,"",0,0,0,0,0,0,1,"",0,0,0,0,0,1,0,0,0,0,1,0,0,"",0,57.29578
Bone,"前髪３先","前髪３先",0,0,1.285939,17.28316,-0.403221,1,0,0,0,1,"前髪３",1,"",0,0,0,0,0,0,1,"",0,0,0,0,0,1,0,0,0,0,1,0,0,"",0,57.29578
Bone,"左目光先","左目光先",2,0,0.504218,17.84968,-0.976143,1,0,0,0,1,"左目光",1,"",0,0,0,0,0,0,1,"",0,0,0,0,0,1,0,0,0,0,1,0,0,"",0,57.29578
Bone,"右目光先","右目光先",2,0,-0.769451,17.84464,-0.800164,1,0,0,0,1,"右目光",1,"",0,0,0,0,0,0,1,"",0,0,0,0,0,1,0,0,0,0,1,0,0,"",0,57.29578
Bone,"左腕捩先","左腕捩先",0,0,3.705709,14.67562,0.304996,1,0,0,0,1,"左腕捩",1,"",0,0,0,0,0,0,1,"",0,0,0,0,0,1,0,0,0,0,1,0,0,"",0,57.29578
Bone,"左手捩先","左手捩先",0,0,5.384645,13.25266,0.272019,1,0,0,0,1,"左手捩",1,"",0,0,0,0,0,0,1,"",0,0,0,0,0,1,0,0,0,0,1,0,0,"",0,57.29578
Bone,"右腕捩先","右腕捩先",0,0,-3.705709,14.67562,0.304996,1,0,0,0,1,"右腕捩",1,"",0,0,0,0,0,0,1,"",0,0,0,0,0,1,0,0,0,0,1,0,0,"",0,57.29578
Bone,"右手捩先","右手捩先",0,0,-5.384646,13.25266,0.272019,1,0,0,0,1,"右手捩",1,"",0,0,0,0,0,0,1,"",0,0,0,0,0,1,0,0,0,0,1,0,0,"",0,57.29578
Bone,"左腕捩1","左腕捩1",0,0,1.959567,15.89561,0.304996,1,0,0,0,1,"左腕",1,"左腕捩",0,0,0,0,1,0,0.25,"左腕捩",0,0,0,0,0,1,0,0,0,0,1,0,0,"",0,57.29578
Bone,"左腕捩2","左腕捩2",0,0,1.959567,15.89561,0.304996,1,0,0,0,1,"左腕",1,"左腕捩",0,0,0,0,1,0,0.5,"左腕捩",0,0,0,0,0,1,0,0,0,0,1,0,0,"",0,57.29578
Bone,"左腕捩3","左腕捩3",0,0,1.959567,15.89561,0.304996,1,0,0,0,1,"左腕",1,"左腕捩",0,0,0,0,1,0,0.75,"左腕捩",0,0,0,0,0,1,0,0,0,0,1,0,0,"",0,57.29578
Bone,"右腕捩1","右腕捩1",0,0,-1.959567,15.89561,0.304996,1,0,0,0,1,"右腕",1,"右腕捩",0,0,0,0,1,0,0.25,"右腕捩",0,0,0,0,0,1,0,0,0,0,1,0,0,"",0,57.29578
Bone,"右腕捩2","右腕捩2",0,0,-1.959567,15.89561,0.304996,1,0,0,0,1,"右腕",1,"右腕捩",0,0,0,0,1,0,0.5,"右腕捩",0,0,0,0,0,1,0,0,0,0,1,0,0,"",0,57.29578
Bone,"右腕捩3","右腕捩3",0,0,-1.959567,15.89561,0.304996,1,0,0,0,1,"右腕",1,"右腕捩",0,0,0,0,1,0,0.75,"右腕捩",0,0,0,0,0,1,0,0,0,0,1,0,0,"",0,57.29578
Bone,"右足D","leg_RD",1,0,-0.796811,10.75273,-0.07274297,1,0,0,1,1,"腰キャンセル右",1,"",0,0,0,0,1,0,1,"右足",0,0,0,0,0,1,0,0,0,0,1,0,0,"",0,57.29578
Bone,"右ひざD","knee_RD",1,0,-1.646525,6.00088,-0.05348097,1,0,0,1,1,"右足D",1,"",0,0,0,0,1,0,1,"右ひざ",0,0,0,0,0,1,0,0,0,0,1,0,0,"",0,57.29578
Bone,"右足首D","ankle_RD",1,0,-2.766512,1.54806,2.980232E-08,1,0,0,1,1,"右ひざD",1,"",0,0,0,0,1,0,1,"右足首",0,0,0,0,0,1,0,0,0,0,1,0,0,"",0,57.29578
Bone,"右足先EX","toe2_R",1,0,-3.285388,0.8199984,-1.642378,1,0,0,1,1,"右足首D",0,"",0,0,-1,0,0,0,1,"",0,0,0,0,0,1,0,0,0,0,1,0,0,"",0,57.29578
Bone,"左足D","leg_LD",1,0,0.796811,10.75273,-0.07274297,1,0,0,1,1,"腰キャンセル左",1,"",0,0,0,0,1,0,1,"左足",0,0,0,0,0,1,0,0,0,0,1,0,0,"",0,57.29578
Bone,"左ひざD","knee_LD",1,0,1.646525,6.00088,-0.05348097,1,0,0,1,1,"左足D",1,"",0,0,0,0,1,0,1,"左ひざ",0,0,0,0,0,1,0,0,0,0,1,0,0,"",0,57.29578
Bone,"左足首D","ankle_LD",1,0,2.766512,1.54806,2.980232E-08,1,0,0,1,1,"左ひざD",1,"",0,0,0,0,1,0,1,"左足首",0,0,0,0,0,1,0,0,0,0,1,0,0,"",0,57.29578
Bone,"左足先EX","toe2_L",1,0,3.285388,0.8199983,-1.642378,1,0,0,1,1,"左足首D",0,"",0,0,-1,0,0,0,1,"",0,0,0,0,0,1,0,0,0,0,1,0,0,"",0,57.29578
